{"cameraMode":{"drawMode":0,"name":"Shaded","section":"Shading Mode"},"sceneLighting":true,"audioPlay":false,"sceneViewState":{"showFog":true,"showMaterialUpdate":false,"showSkybox":true,"showFlares":true,"showImageEffects":true,"showParticleSystems":true},"in2DMode":false,"pivot":{"x":-60.98801803588867,"y":2.955617904663086,"z":-3.9884872436523439},"rotation":{"x":0.2111179083585739,"y":-0.3795100450515747,"z":0.08937884867191315,"w":0.8963568806648254},"size":24.97810935974121,"orthographic":false}