{"cameraMode":{"drawMode":0,"name":"Shaded","section":"Shading Mode"},"sceneLighting":true,"audioPlay":false,"sceneViewState":{"showFog":true,"showMaterialUpdate":false,"showSkybox":true,"showFlares":true,"showImageEffects":true,"showParticleSystems":true},"in2DMode":false,"pivot":{"x":-26.444623947143556,"y":10.605342864990235,"z":-7.542716979980469},"rotation":{"x":-0.11849454045295716,"y":0.02442120388150215,"z":-0.0029152692295610906,"w":-0.9926499128341675},"size":14.441410064697266,"orthographic":false}